{"ptm": 0.3681001365184784, "plddt": 0.5539452433586121, "pae": 